-- ========================= HAZARD TYPE DATA =========================
-- Inserts predefined hazard types used in the system
-- Each hazard is classified based on international disaster categories
INSERT INTO HAZARD_TYPE (Hazard_Type_ID, Name, Category) VALUES
(1001,'Typhoon','Hydrometeorological'),
(1002,'Flood','Hydrometeorological'),
(1003,'Earthquake','Geological'),
(1004,'Landslide','Geological'),
(1005,'Volcanic Eruption','Geological'),
(1006,'Forest Fire','Meteorological');

-- ========================= REGION DATA =========================
-- Stores Philippine regions with their poverty rates
-- Poverty_Rate is used for socio-economic risk and vulnerability analysis
INSERT INTO REGION (Region_ID, Region_Name, Poverty_Rate) VALUES
(2001,'NCR',1.1),
(2002,'CAR',7.0),
(2003,'Region I',8.5),
(2004,'Region II',6.5),
(2005,'Region III',4.9),
(2006,'Region IV-A',4.2),
(2007,'MIMAROPA',17.9),
(2008,'Region V',20.9),
(2009,'Region VI',9.2),
(2010,'Region VII',14.3),
(2011,'Region VIII',25.2),
(2012,'Region IX',24.2),
(2013,'Region X',16.5),
(2014,'Region XI',10.1),
(2015,'Region XII',22.1),
(2016,'Region XIII',24.1),
(2017,'BARMM',29.5);

-- ========================= MUNICIPALITY DATA =========================
-- Inserts municipalities and links them to their respective regions
-- Demonstrates one-to-many relationship between Region and Municipality
INSERT INTO MUNICIPALITY (Municipality_ID, Region_ID, Municipality_Name) VALUES
(3001,2001,'Manila'),
(3002,2001,'Quezon City'),
(3003,2002,'Baguio City'),
(3004,2002,'La Trinidad'),
(3005,2003,'San Fernando'),
(3006,2003,'Candon'),
(3007,2004,'Tuguegarao'),
(3008,2004,'Cauayan'),
(3009,2005,'Angeles'),
(3010,2005,'Balanga'),
(3011,2006,'Antipolo'),
(3012,2006,'Batangas City'),
(3013,2007,'Puerto Princesa'),
(3014,2007,'Calapan'),
(3015,2008,'Legazpi'),
(3016,2008,'Sorsogon City'),
(3017,2009,'Iloilo City'),
(3018,2009,'Bacolod'),
(3019,2010,'Cebu City'),
(3020,2010,'Lapu-Lapu'),
(3021,2011,'Tacloban'),
(3022,2011,'Ormoc'),
(3023,2012,'Zamboanga City'),
(3024,2012,'Pagadian'),
(3025,2013,'Cagayan de Oro'),
(3026,2013,'Iligan'),
(3027,2014,'Davao City'),
(3028,2014,'Tagum'),
(3029,2015,'General Santos'),
(3030,2015,'Koronadal'),
(3031,2016,'Butuan'),
(3032,2016,'Surigao City'),
(3033,2017,'Cotabato City'),
(3034,2017,'Lamitan'),
(3035,2001,'Makati'),
(3036,2002,'Bontoc'),
(3037,2003,'Dagupan'),
(3038,2004,'Solano'),
(3039,2005,'Malolos'),
(3040,2006,'Lipa City'),
(3041,2007,'Roxas'),
(3042,2008,'Masbate City'),
(3043,2009,'Roxas City'),
(3044,2010,'Toledo'),
(3045,2011,'Maasin'),
(3046,2012,'Isabela City'),
(3047,2013,'Malaybalay'),
(3048,2014,'Digos'),
(3049,2015,'Koronadal'),
(3050,2016,'Bislig');

-- ========================= BARANGAY DATA =========================
-- Inserts barangays under each municipality
-- This enables detailed, localized disaster impact tracking
INSERT INTO BARANGAY (Barangay_ID, Municipality_ID, Barangay_Name) VALUES
(4001,3001,'Tondo District'),
(4002,3002,'Bago Bantay'),
(4003,3003,'San Isidro'),
(4004,3004,'Loakan Proper'),
(4005,3005,'Puguis'),
(4006,3006,'Barangay 1'),
(4007,3007,'Candon Proper'),
(4008,3008,'Centro'),
(4009,3009,'San Vicente'),
(4010,3010,'Lourdes Sur'),
(4011,3011,'Balibago'),
(4012,3012,'Gulang-Gulang'),
(4013,3013,'Real'),
(4014,3014,'San Pedro'),
(4015,3015,'Roxas Proper'),
(4016,3016,'Oro Site (Brgy. 34)'),
(4017,3017,'Bitano East'),
(4018,3018,'Jaro District'),
(4019,3019,'Daly City Proper'),
(4020,3020,'Lahug'),
(4021,3021,'Mantuyong'),
(4022,3022,'Pajo'),
(4023,3023,'San Jose (Brgy. 88)'),
(4024,3024,'San Isidro Proper'),
(4025,3025,'Tetuan'),
(4026,3026,'Isabela Proper'),
(4027,3027,'Lapasan'),
(4028,3028,'Hinaplanon'),
(4029,3029,'Matina Crossing'),
(4030,3030,'Magugpo East'),
(4031,3031,'Sagonsongan'),
(4032,3032,'Lamitan Proper'),
(4033,3033,'Basilan Proper'),
(4034,3034,'Poblacion East'),
(4035,3035,'Triangulo'),
(4036,3036,'Poblacion'),
(4037,3037,'San Francisco East'),
(4038,3038,'Poblacion'),
(4039,3039,'San Felipe'),
(4040,3040,'Poblacion'),
(4041,3041,'Poblacion'),
(4042,3042,'San Miguel'),
(4043,3043,'Central Signal Village'),
(4044,3044,'Poblacion'),
(4045,3045,'Poblacion'),
(4046,3046,'Poblacion'),
(4047,3047,'Poblacion'),
(4048,3048,'Poblacion'),
(4049,3049,'Poblacion'),
(4050,3050,'Poblacion');

-- ========================= DISASTER EVENT DATA =========================
-- Records actual disaster incidents per barangay
-- Includes duration, severity, and short narrative description
INSERT INTO DISASTER_EVENT (Event_ID, Hazard_Type_ID, Barangay_ID, Start_Date, End_Date, Severity_Scale, Description) VALUES
(5001,1001,4001,'2021-12-16','2021-12-21',9,'Typhoon Rai (Odette) hit Tondo District'),
(5002,1001,4002,'2023-08-22','2023-09-03',8,'Typhoon Saola (Goring) passed near Bago Bantay, heavy rain & wind'),
(5003,1001,4003,'2023-05-19','2023-06-03',7,'Typhoon Mawar (Betty) impacted San Isidro area with gusty winds'),
(5004,1001,4004,'2022-11-11','2022-11-15',6,'Typhoon Vicky affected Loakan Proper'),
(5005,1002,4005,'2023-04-30','2023-05-01',5,'Flood in Puguis municipality'),
(5006,1003,4006,'2023-01-12','2023-01-13',7,'Earthquake in Barangay 1'),
(5007,1004,4007,'2022-07-15','2022-07-16',6,'Landslide in Candon Proper'),
(5008,1005,4008,'2023-03-22','2023-03-23',8,'Volcanic eruption near Centro'),
(5009,1006,4009,'2023-02-10','2023-02-11',5,'Forest fire in San Vicente caused by dry conditions'),
(5010,1001,4010,'2022-09-01','2022-09-06',8,'Typhoon Fabian impacted Lourdes Sur'),
(5011,1001,4011,'2021-11-28','2021-12-02',7,'Typhoon Ulysses hit Balibago'),
(5012,1001,4012,'2022-10-12','2022-10-18',9,'Typhoon Paeng caused heavy flooding in Gulang-Gulang'),
(5013,1001,4013,'2021-06-14','2021-06-19',6,'Typhoon Dante affected Real'),
(5014,1001,4014,'2023-07-05','2023-07-10',7,'Typhoon Henry impacted San Pedro'),
(5015,1001,4015,'2022-12-17','2022-12-21',8,'Typhoon Odette affected Roxas Proper'),
(5016,1001,4016,'2023-01-02','2023-01-08',9,'Typhoon Agaton hit Oro Site (Brgy. 34)'),
(5017,1002,4017,'2023-02-14','2023-02-15',5,'Flood in Bitano East'),
(5018,1003,4018,'2023-03-01','2023-03-02',6,'Earthquake in Jaro District'),
(5019,1004,4019,'2022-08-11','2022-08-12',5,'Landslide in Daly City Proper'),
(5020,1005,4020,'2023-04-03','2023-04-04',8,'Volcanic eruption near Lahug'),
(5021,1001,4021,'2021-12-05','2021-12-10',9,'Typhoon Rai (Odette) hit Mantuyong'),
(5022,1001,4022,'2023-08-15','2023-08-20',7,'Typhoon Saola (Goring) impacted Pajo'),
(5023,1001,4023,'2023-05-21','2023-05-26',8,'Typhoon Mawar (Betty) affected San Jose (Brgy. 88)'),
(5024,1001,4024,'2022-11-20','2022-11-25',6,'Typhoon Vicky hit San Isidro Proper'),
(5025,1002,4025,'2023-04-01','2023-04-03',5,'Flood in Tetuan'),
(5026,1003,4026,'2023-01-15','2023-01-16',7,'Earthquake in Isabela Proper'),
(5027,1004,4027,'2022-07-18','2022-07-19',6,'Landslide in Lapasan'),
(5028,1005,4028,'2023-03-25','2023-03-26',8,'Volcanic eruption near Hinaplanon'),
(5029,1006,4029,'2023-02-15','2023-02-16',5,'Forest fire in Matina Crossing'),
(5030,1001,4030,'2022-09-05','2022-09-10',8,'Typhoon Fabian hit Magugpo East'),
(5031,1001,4031,'2021-11-30','2021-12-05',7,'Typhoon Ulysses affected Sagonsongan'),
(5032,1001,4032,'2022-10-14','2022-10-19',9,'Typhoon Paeng impacted Lamitan Proper'),
(5033,1001,4033,'2021-06-18','2021-06-23',6,'Typhoon Dante hit Basilan Proper'),
(5034,1001,4034,'2023-07-08','2023-07-13',7,'Typhoon Henry affected Poblacion East'),
(5035,1001,4035,'2022-12-19','2022-12-24',8,'Typhoon Odette hit Triangulo'),
(5036,1001,4036,'2023-01-05','2023-01-10',9,'Typhoon Agaton affected Poblacion'),
(5037,1002,4037,'2023-02-16','2023-02-17',5,'Flood in San Francisco East'),
(5038,1003,4038,'2023-03-03','2023-03-04',6,'Earthquake in Poblacion'),
(5039,1004,4039,'2022-08-12','2022-08-13',5,'Landslide in San Felipe'),
(5040,1005,4040,'2023-04-04','2023-04-05',8,'Volcanic eruption near Poblacion'),
(5041,1001,4041,'2021-12-07','2021-12-12',9,'Typhoon Rai (Odette) hit Poblacion'),
(5042,1001,4042,'2023-08-18','2023-08-23',7,'Typhoon Saola (Goring) impacted San Miguel'),
(5043,1001,4043,'2023-05-23','2023-05-28',8,'Typhoon Mawar (Betty) hit Central Signal Village'),
(5044,1001,4044,'2022-11-22','2022-11-27',6,'Typhoon Vicky affected Poblacion'),
(5045,1002,4045,'2023-04-02','2023-04-04',5,'Flood in Poblacion'),
(5046,1003,4046,'2023-01-17','2023-01-18',7,'Earthquake in Poblacion'),
(5047,1004,4047,'2022-07-20','2022-07-21',6,'Landslide in Poblacion'),
(5048,1005,4048,'2023-03-28','2023-03-29',8,'Volcanic eruption in Poblacion'),
(5049,1006,4049,'2023-02-18','2023-02-19',5,'Forest fire in Poblacion'),
(5050,1003,4050,'2023-01-12','2023-01-13',7,'Earthquake impacted Poblacion');

-- ========================= POPULATION SEGMENT DATA =========================
-- Groups residents by vulnerability type per barangay
-- Used to assess evacuation status and disaster preparedness
INSERT INTO POPULATION_SEGMENT (Segment_ID, Barangay_ID, Description, Total_Count, Vulnerability_Index, Evacuation_Status) VALUES
(6001,4001,'Elderly residents of Tondo District',1200,5,'Evacuated'),
(6002,4002,'Low-income families in Bago Bantay',900,4,'Evacuated'),
(6003,4003,'Children in San Isidro',1500,5,'At Risk'),
(6004,4004,'Senior citizens in Loakan Proper',800,5,'Evacuated'),
(6005,4005,'Low-income households in Puguis',700,4,'Evacuated'),
(6006,4006,'Disabled persons in Barangay 1',300,5,'At Risk'),
(6007,4007,'Families in Candon Proper',1000,4,'Evacuated'),
(6008,4008,'Residents of Centro',1200,3,'Safe'),
(6009,4009,'Fisherfolk in San Vicente',600,4,'Evacuated'),
(6010,4010,'Children in Lourdes Sur',500,5,'Evacuated'),
(6011,4011,'Senior citizens in Balibago',400,5,'At Risk'),
(6012,4012,'Low-income families in Gulang-Gulang',900,4,'Evacuated'),
(6013,4013,'Elderly in Real',300,5,'Evacuated'),
(6014,4014,'PWDs in San Pedro',200,5,'At Risk'),
(6015,4015,'Families in Roxas Proper',1000,4,'Evacuated'),
(6016,4016,'Children in Oro Site (Brgy. 34)',600,5,'Evacuated'),
(6017,4017,'Senior citizens in Bitano East',350,5,'At Risk'),
(6018,4018,'Low-income families in Jaro District',800,4,'Evacuated'),
(6019,4019,'Fisherfolk in Daly City Proper',450,4,'Evacuated'),
(6020,4020,'Elderly in Lahug',500,5,'Evacuated'),
(6021,4021,'Children in Mantuyong',700,5,'Evacuated'),
(6022,4022,'Families in Pajo',900,4,'Evacuated'),
(6023,4023,'PWDs in San Jose (Brgy. 88)',200,5,'At Risk'),
(6024,4024,'Senior citizens in San Isidro Proper',400,5,'Evacuated'),
(6025,4025,'Low-income families in Tetuan',800,4,'Evacuated'),
(6026,4026,'Elderly in Isabela Proper',350,5,'Evacuated'),
(6027,4027,'Families in Lapasan',600,4,'Evacuated'),
(6028,4028,'Children in Hinaplanon',500,5,'Evacuated'),
(6029,4029,'Low-income households in Matina Crossing',900,4,'Evacuated'),
(6030,4030,'Senior citizens in Magugpo East',400,5,'Evacuated'),
(6031,4031,'Elderly in Sagonsongan',350,5,'At Risk'),
(6032,4032,'Low-income families in Lamitan Proper',600,4,'Evacuated'),
(6033,4033,'Families in Basilan Proper',700,4,'Evacuated'),
(6034,4034,'Children in Poblacion East',500,5,'Evacuated'),
(6035,4035,'Senior citizens in Triangulo',300,5,'At Risk'),
(6036,4036,'Low-income households in Poblacion',900,4,'Evacuated'),
(6037,4037,'Families in San Francisco East',600,4,'Evacuated'),
(6038,4038,'Children in Poblacion',500,5,'Evacuated'),
(6039,4039,'PWDs in San Felipe',200,5,'At Risk'),
(6040,4040,'Elderly in Poblacion',400,5,'Evacuated'),
(6041,4041,'Low-income families in Poblacion',800,4,'Evacuated'),
(6042,4042,'Senior citizens in San Miguel',350,5,'Evacuated'),
(6043,4043,'Families in Central Signal Village',600,4,'Evacuated'),
(6044,4044,'Children in Poblacion',500,5,'Evacuated'),
(6045,4045,'Low-income families in Poblacion',900,4,'Evacuated'),
(6046,4046,'Elderly in Poblacion',400,5,'Evacuated'),
(6047,4047,'Families in Poblacion',600,4,'Evacuated'),
(6048,4048,'Children in Poblacion',500,5,'Evacuated'),
(6049,4049,'Low-income households in Poblacion',800,4,'Evacuated'),
(6050,4050,'Senior citizens in Poblacion',350,5,'Evacuated');

-- ========================= HUMAN IMPACT DATA =========================
-- Records the human consequences of each disaster event
-- Links disaster events with specific population segments
INSERT INTO HUMAN_IMPACT (Human_Impact_ID, Event_ID, Segment_ID, Deaths_Count, Injuries_Count, People_Affected_Count) VALUES
(7001,5001,6001,12,30,200),
(7002,5002,6002,8,20,150),
(7003,5003,6003,5,15,120),
(7004,5004,6004,4,10,80),
(7005,5005,6005,2,5,60),
(7006,5006,6006,0,2,20),
(7007,5007,6007,1,4,50),
(7008,5008,6008,0,0,0),
(7009,5009,6009,3,7,40),
(7010,5010,6010,2,5,30),
(7011,5011,6011,6,12,70),
(7012,5012,6012,8,15,90),
(7013,5013,6013,1,3,20),
(7014,5014,6014,0,2,10),
(7015,5015,6015,5,10,60),
(7016,5016,6016,2,4,30),
(7017,5017,6017,1,1,15),
(7018,5018,6018,0,0,0),
(7019,5019,6019,2,3,25),
(7020,5020,6020,3,5,40),
(7021,5021,6021,6,12,80),
(7022,5022,6022,4,8,50),
(7023,5023,6023,2,4,30),
(7024,5024,6024,1,2,20),
(7025,5025,6025,3,6,40),
(7026,5026,6026,0,1,15),
(7027,5027,6027,1,3,20),
(7028,5028,6028,2,4,25),
(7029,5029,6029,0,2,10),
(7030,5030,6030,3,5,35),
(7031,5031,6031,2,4,20),
(7032,5032,6032,4,8,50),
(7033,5033,6033,3,5,30),
(7034,5034,6034,1,2,15),
(7035,5035,6035,2,4,25),
(7036,5036,6036,3,6,40),
(7037,5037,6037,0,1,10),
(7038,5038,6038,1,2,15),
(7039,5039,6039,2,4,20),
(7040,5040,6040,0,1,10),
(7041,5041,6041,3,5,25),
(7042,5042,6042,1,2,15),
(7043,5043,6043,2,4,20),
(7044,5044,6044,0,1,10),
(7045,5045,6045,1,2,15),
(7046,5046,6046,0,1,10),
(7047,5047,6047,2,4,20),
(7048,5048,6048,1,2,15),
(7049,5049,6049,3,5,25),
(7050,5050,6050,0,1,10);

-- ========================= ASSET DATA =========================
-- Stores physical assets located in barangays
-- Pre_Disaster_Value is used to calculate economic damage
INSERT INTO ASSET (Asset_ID, Barangay_ID, Asset_Type, Pre_Disaster_Value, Coordinates) VALUES
(8001,4001,'Hospital',50000000,'14.6000,120.9800'),
(8002,4002,'School',2000000,'14.6500,121.0500'),
(8003,4003,'Road',1500000,'16.4200,120.5900'),
(8004,4004,'House',500000,'16.4170,120.5850'),
(8005,4005,'Bridge',3000000,'16.3500,120.5830'),
(8006,4006,'House',400000,'16.3500,120.6000'),
(8007,4007,'School',2500000,'17.2000,120.3500'),
(8008,4008,'Hospital',60000000,'17.2500,120.4000'),
(8009,4009,'Road',1200000,'17.2500,120.4100'),
(8010,4010,'House',450000,'10.3000,123.9000'),
(8011,4011,'School',2300000,'15.1800,120.5900'),
(8012,4012,'Hospital',40000000,'15.1700,120.5800'),
(8013,4013,'House',500000,'14.8000,121.3000'),
(8014,4014,'Road',1300000,'14.8200,121.3100'),
(8015,4015,'Bridge',3500000,'13.1500,123.7500'),
(8016,4016,'School',2400000,'13.1600,123.7400'),
(8017,4017,'Hospital',55000000,'11.1000,124.5500'),
(8018,4018,'House',400000,'11.1200,124.5400'),
(8019,4019,'Road',1100000,'14.5800,120.9800'),
(8020,4020,'School',2200000,'10.3100,123.9100'),
(8021,4021,'House',500000,'10.3200,123.9200'),
(8022,4022,'Hospital',60000000,'10.3000,123.9000'),
(8023,4023,'Road',1400000,'6.9100,122.0700'),
(8024,4024,'Bridge',3200000,'6.9200,122.0800'),
(8025,4025,'School',2100000,'8.9500,125.4830'),
(8026,4026,'House',450000,'8.9600,125.4900'),
(8027,4027,'Road',1300000,'8.9500,125.4800'),
(8028,4028,'Hospital',50000000,'8.9600,125.4900'),
(8029,4029,'Bridge',3400000,'7.0700,125.6100'),
(8030,4030,'School',2200000,'7.0800,125.6200'),
(8031,4031,'House',400000,'7.0900,125.6300'),
(8032,4032,'Hospital',45000000,'6.7500,122.9500'),
(8033,4033,'Road',1200000,'6.7400,122.9400'),
(8034,4034,'School',2100000,'6.7500,122.9600'),
(8035,4035,'House',500000,'6.7600,122.9700'),
(8036,4036,'Bridge',3000000,'6.7700,122.9800'),
(8037,4037,'Hospital',52000000,'6.7800,122.9900'),
(8038,4038,'School',2400000,'6.7900,123.0000'),
(8039,4039,'Road',1100000,'6.8000,123.0100'),
(8040,4040,'House',450000,'6.8100,123.0200'),
(8041,4041,'School',2300000,'6.8200,123.0300'),
(8042,4042,'Hospital',55000000,'6.8300,123.0400'),
(8043,4043,'House',400000,'6.8400,123.0500'),
(8044,4044,'Road',1200000,'6.8500,123.0600'),
(8045,4045,'School',2100000,'6.8600,123.0700'),
(8046,4046,'House',450000,'6.8700,123.0800'),
(8047,4047,'Bridge',3000000,'6.8800,123.0900'),
(8048,4048,'School',2200000,'6.8900,123.1000'),
(8049,4049,'House',400000,'6.9000,123.1100'),
(8050,4050,'Hospital',50000000,'6.9100,123.1200');

-- ========================= IMPACTED ASSET DATA =========================
-- Connects disaster events to damaged assets
-- Damage_Level and Estimated_Loss_Value quantify infrastructure impact
INSERT INTO IMPACTED_ASSET (Impact_Asset_ID, Event_ID, Asset_ID, Damage_Level, Estimated_Loss_Value) VALUES
(9001,5001,8001,'Severe',30000000),
(9002,5002,8002,'Moderate',1200000),
(9003,5003,8003,'Minor',500000),
(9004,5004,8004,'Destroyed',500000),
(9005,5005,8005,'Severe',1800000),
(9006,5006,8006,'Minor',100000),
(9007,5007,8007,'Moderate',1500000),
(9008,5008,8008,'Severe',40000000),
(9009,5009,8009,'Minor',200000),
(9010,5010,8010,'Moderate',300000),
(9011,5011,8011,'Severe',1500000),
(9012,5012,8012,'Severe',30000000),
(9013,5013,8013,'Minor',100000),
(9014,5014,8014,'Moderate',500000),
(9015,5015,8015,'Severe',2000000),
(9016,5016,8016,'Moderate',1200000),
(9017,5017,8017,'Severe',30000000),
(9018,5018,8018,'Minor',100000),
(9019,5019,8019,'Minor',100000),
(9020,5020,8020,'Moderate',500000),
(9021,5021,8021,'Minor',100000),
(9022,5022,8022,'Severe',30000000),
(9023,5023,8023,'Moderate',800000),
(9024,5024,8024,'Severe',2500000),
(9025,5025,8025,'Moderate',900000),
(9026,5026,8026,'Minor',100000),
(9027,5027,8027,'Moderate',400000),
(9028,5028,8028,'Severe',25000000),
(9029,5029,8029,'Moderate',1500000),
(9030,5030,8030,'Minor',100000),
(9031,5031,8031,'Minor',100000),
(9032,5032,8032,'Severe',25000000),
(9033,5033,8033,'Moderate',700000),
(9034,5034,8034,'Minor',100000),
(9035,5035,8035,'Moderate',400000),
(9036,5036,8036,'Severe',1500000),
(9037,5037,8037,'Severe',25000000),
(9038,5038,8038,'Minor',100000),
(9039,5039,8039,'Moderate',300000),
(9040,5040,8040,'Minor',100000),
(9041,5041,8041,'Moderate',400000),
(9042,5042,8042,'Severe',20000000),
(9043,5043,8043,'Minor',100000),
(9044,5044,8044,'Moderate',300000),
(9045,5045,8045,'Minor',100000),
(9046,5046,8046,'Severe',1500000),
(9047,5047,8047,'Moderate',400000),
(9048,5048,8048,'Minor',100000),
(9049,5049,8049,'Moderate',300000),

(9050,5050,8050,'Severe',25000000);
